<?xml version="1.0" encoding="ISO-8859-1" ?>
<!--

  All content copyright (c) 2003-2008 Terracotta, Inc.,
  except as may otherwise be noted in a separate copyright notice.
  All rights reserved.

-->         
<!DOCTYPE struts-config PUBLIC
       "-//Apache Software Foundation//DTD Struts Configuration 1.2//EN"
       "http://jakarta.apache.org/struts/dtds/struts-config_1_2.dtd">          
         

<struts-config>
  <form-beans>
    <form-bean 
    	name="displayUserListForm"
        type="org.apache.struts.action.DynaActionForm">
        <form-property name="recentList" type="java.util.ArrayList" />
        <form-property name="listLength" type="java.lang.String" />
        <form-property name="currentProduct" type="demo.townsend.service.Product" />
    </form-bean>
    <form-bean name="addToListForm" type="demo.townsend.form.AddToListForm" />
  </form-beans>

  <global-forwards>
  	<forward name="welcome" path="/action/welcome" />
  </global-forwards>
  
  <action-mappings>
  <action
  	path="/welcome"
  	type="demo.townsend.action.WelcomeAction">
  	<forward name="Success" path="/action/displayUserList" redirect="true" />
  </action>
  
  <action
  	path="/displayUserList"
  	type="demo.townsend.action.DisplayUserListAction"
  	scope="session"
  	name="displayUserListForm"
  	validate="true">
  	<forward name="Success" path="/display.jsp" redirect="true"/>
  	<forward name="Failure" path="/display.jsp" redirect="true"/>
  	<forward name="NoSession" path="/action/welcome" redirect="true"/>
  </action> 
  
  <action
    path="/addToList"
    type="demo.townsend.action.AddToListAction"
    scope="request"
    name="addToListForm"
    input="/display.jsp">
    <forward name="Success" path="/action/displayUserList" redirect="true"/>
  	<forward name="NoSession" path="/action/welcome" redirect="true"/>
  </action>  
</action-mappings>
          
<controller 
  contentType="text/html;charset=UTF-8"
  locale="false"
  nocache="true"/> 
 
 <message-resources parameter="TCAS-MessageResources" null="false"/>
 
</struts-config>    