<?xml version="1.0" encoding="UTF-8"?>
<!--

  All content copyright (c) 2003-2008 Terracotta, Inc.,
  except as may otherwise be noted in a separate copyright notice.
  All rights reserved.

-->
<!DOCTYPE weblogic-web-app PUBLIC "-//BEA Systems, Inc.//DTD Web Application 8.1//EN" "http://www.bea.com/servers/wls810/dtd/weblogic810-web-jar.dtd">
<weblogic-web-app>

  <session-descriptor>
    <session-param>
      <param-name>CookiePath</param-name>
      <param-value>/DepartmentTaskList</param-value>
    </session-param>
  </session-descriptor>
  
</weblogic-web-app>
