<?xml version="1.0" encoding="UTF-8"?>
<!--

All content copyright Terracotta, Inc., unless otherwise indicated. All rights reserved.

-->

<!-- This is a Terracotta configuration file that has been pre-configured
     for use with Jetty Sessions.
     For more information, please see the product documentation -->

<tc:tc-config xmlns:tc="http://www.terracotta.org/config">

  <!-- Tell DSO where the Terracotta server can be found; 
       See the Terracotta DSO Guide for additional information. -->
  <servers>
    <server host="%i" name="sample">
      <data>data/server-data</data>
      <logs>logs/server-logs</logs>
    </server>
  </servers>

  <!-- Tell DSO where to put the generated client logs
       See the Terracotta DSO Guide for additional information. -->
  <clients>
    <logs>logs/client-logs/%(webserver.log.name)</logs>
    <modules>
      <module name="tim-apache-struts-1.1" version="1.5.0"/>
      <module name="tim-jetty-6.1" version="2.1.0"/>
    </modules>
  </clients>

  <application>
    <dso>
      <!-- Our app requires these custom objects/classes to be shared - the following declarations
           tells DSO which ones they are. When the app runs under DSO, instances of these classes
           will broadcast changes in their state.

           A good idiom when writing an app that you intend to cluster via TC DSO, is to group the 
           classes you wish to share under a single package (although if you follow the MVC pattern
           this tends to happen naturally) - this way the list of classes you wish to instrument
           can be concise -->
      <instrumented-classes>
        <!-- Include all application classes that are clustered -->
        <include>
          <class-expression>demo.cart.DummyCart</class-expression>
        </include>
        <include>
          <class-expression>demo.tasklist.service..*</class-expression>
        </include>
        <include>
          <class-expression>demo.townsend.service..*</class-expression>
        </include>
      </instrumented-classes>

      <!-- Tell DSO which applications in your web container is using DSO -->
      <web-applications>
        <web-application>Cart</web-application>
        <web-application>DepartmentTaskList</web-application>
        <web-application>Townsend</web-application>
      </web-applications>

      <!-- We declare the field 'service.ProductCatalog.catalog' a root, making it 
           available for all instances of our app that runs via DSO -->
      <roots>
        <root>
          <field-name>demo.townsend.service.ProductCatalog.catalog</field-name>
          <root-name>ProductCatalog</root-name>
        </root>
      </roots>
    </dso>
  </application>

</tc:tc-config>
